Downloaded from wid.world on 21-11-2020 at 10:55:17
Country Code;Country Name;WID Variable code;Percentile group;Unit;Variable name;Intuitive description;Technical description;Methodological Notes;Sources
ZA;South Africa;sptinc992j;p90p100;share;Pre-tax national income. Share Adults. equal-split adults;Pre-tax national income share held by a given percentile group. Pre-tax national income  is the sum of all pre-tax personal income flows accruing to the owners of the production factors, labor and capital, before taking into account the operation of the tax/transfer system, but after taking into account the operation of pension system. The central difference between personal factor income and pre-tax income is the treatment of pensions, which are counted on a contribution basis by factor income and on a distribution basis by pre-tax income. The population is comprised of individuals over age 20. The base unit is the individual (rather than the household) but resources are split equally within couples.;Pre-tax national income =Pre-tax labor income [total pre-tax income ranking]+Pre-tax capital income [total pre-tax income ranking];Fiscal income rescaled to match the macroeconomic aggregates.;"[URL][URL_LINK]https://wid.world/document/alvaredo-facundo-and-atkinson-anthony-b-2011-colonial-rule-apartheid-and-natural-resources-top-incomes-in-south-africa-1903-2007-cepr-discussion-paper-8155/[/URL_LINK][URL_TEXT]Alvaredo, Facundo and Atkinson,  Anthony B. (2011). Colonial Rule, Apartheid and Natural Resources: Top Incomes in South Africa 1903-2007. CEPR Discussion Paper 8155. Series updated by the same authors.[/URL_TEXT][/URL][URL][URL_LINK]http://wordpress.wid.world/document/2020-dina-update-for-countries-of-the-africa-region-world-inequality-lab-technical-note-2020-03/[/URL_LINK][URL_TEXT] Updated by Robilliard, “Regional DINA update for Africa” (2020)[/URL_TEXT][/URL]; Alvaredo, Facundo and Atkinson,  Anthony B. (2011). Colonial Rule, Apartheid and Natural Resources: Top Incomes in South Africa 1903-2007. CEPR Discussion Paper 8155. Series updated by the same authors.;"
ZA;South Africa;sptinc992j;p99p100;share;Pre-tax national income. Share Adults. equal-split adults;Pre-tax national income share held by a given percentile group. Pre-tax national income  is the sum of all pre-tax personal income flows accruing to the owners of the production factors, labor and capital, before taking into account the operation of the tax/transfer system, but after taking into account the operation of pension system. The central difference between personal factor income and pre-tax income is the treatment of pensions, which are counted on a contribution basis by factor income and on a distribution basis by pre-tax income. The population is comprised of individuals over age 20. The base unit is the individual (rather than the household) but resources are split equally within couples.;Pre-tax national income =Pre-tax labor income [total pre-tax income ranking]+Pre-tax capital income [total pre-tax income ranking];Fiscal income rescaled to match the macroeconomic aggregates.;"[URL][URL_LINK]https://wid.world/document/alvaredo-facundo-and-atkinson-anthony-b-2011-colonial-rule-apartheid-and-natural-resources-top-incomes-in-south-africa-1903-2007-cepr-discussion-paper-8155/[/URL_LINK][URL_TEXT]Alvaredo, Facundo and Atkinson,  Anthony B. (2011). Colonial Rule, Apartheid and Natural Resources: Top Incomes in South Africa 1903-2007. CEPR Discussion Paper 8155. Series updated by the same authors.[/URL_TEXT][/URL][URL][URL_LINK]http://wordpress.wid.world/document/2020-dina-update-for-countries-of-the-africa-region-world-inequality-lab-technical-note-2020-03/[/URL_LINK][URL_TEXT] Updated by Robilliard, “Regional DINA update for Africa” (2020)[/URL_TEXT][/URL]; Alvaredo, Facundo and Atkinson,  Anthony B. (2011). Colonial Rule, Apartheid and Natural Resources: Top Incomes in South Africa 1903-2007. CEPR Discussion Paper 8155. Series updated by the same authors.;"
ZA;South Africa;sptinc992j;p0p50;share;Pre-tax national income. Share Adults. equal-split adults;Pre-tax national income share held by a given percentile group. Pre-tax national income  is the sum of all pre-tax personal income flows accruing to the owners of the production factors, labor and capital, before taking into account the operation of the tax/transfer system, but after taking into account the operation of pension system. The central difference between personal factor income and pre-tax income is the treatment of pensions, which are counted on a contribution basis by factor income and on a distribution basis by pre-tax income. The population is comprised of individuals over age 20. The base unit is the individual (rather than the household) but resources are split equally within couples.;Pre-tax national income =Pre-tax labor income [total pre-tax income ranking]+Pre-tax capital income [total pre-tax income ranking];Fiscal income rescaled to match the macroeconomic aggregates.;"[URL][URL_LINK]https://wid.world/document/alvaredo-facundo-and-atkinson-anthony-b-2011-colonial-rule-apartheid-and-natural-resources-top-incomes-in-south-africa-1903-2007-cepr-discussion-paper-8155/[/URL_LINK][URL_TEXT]Alvaredo, Facundo and Atkinson,  Anthony B. (2011). Colonial Rule, Apartheid and Natural Resources: Top Incomes in South Africa 1903-2007. CEPR Discussion Paper 8155. Series updated by the same authors.[/URL_TEXT][/URL][URL][URL_LINK]http://wordpress.wid.world/document/2020-dina-update-for-countries-of-the-africa-region-world-inequality-lab-technical-note-2020-03/[/URL_LINK][URL_TEXT] Updated by Robilliard, “Regional DINA update for Africa” (2020)[/URL_TEXT][/URL]; Alvaredo, Facundo and Atkinson,  Anthony B. (2011). Colonial Rule, Apartheid and Natural Resources: Top Incomes in South Africa 1903-2007. CEPR Discussion Paper 8155. Series updated by the same authors.;"
ZA;South Africa;sptinc992j;p50p90;share;Pre-tax national income. Share Adults. equal-split adults;Pre-tax national income share held by a given percentile group. Pre-tax national income  is the sum of all pre-tax personal income flows accruing to the owners of the production factors, labor and capital, before taking into account the operation of the tax/transfer system, but after taking into account the operation of pension system. The central difference between personal factor income and pre-tax income is the treatment of pensions, which are counted on a contribution basis by factor income and on a distribution basis by pre-tax income. The population is comprised of individuals over age 20. The base unit is the individual (rather than the household) but resources are split equally within couples.;Pre-tax national income =Pre-tax labor income [total pre-tax income ranking]+Pre-tax capital income [total pre-tax income ranking];Fiscal income rescaled to match the macroeconomic aggregates.;"[URL][URL_LINK]https://wid.world/document/alvaredo-facundo-and-atkinson-anthony-b-2011-colonial-rule-apartheid-and-natural-resources-top-incomes-in-south-africa-1903-2007-cepr-discussion-paper-8155/[/URL_LINK][URL_TEXT]Alvaredo, Facundo and Atkinson,  Anthony B. (2011). Colonial Rule, Apartheid and Natural Resources: Top Incomes in South Africa 1903-2007. CEPR Discussion Paper 8155. Series updated by the same authors.[/URL_TEXT][/URL][URL][URL_LINK]http://wordpress.wid.world/document/2020-dina-update-for-countries-of-the-africa-region-world-inequality-lab-technical-note-2020-03/[/URL_LINK][URL_TEXT] Updated by Robilliard, “Regional DINA update for Africa” (2020)[/URL_TEXT][/URL]; Alvaredo, Facundo and Atkinson,  Anthony B. (2011). Colonial Rule, Apartheid and Natural Resources: Top Incomes in South Africa 1903-2007. CEPR Discussion Paper 8155. Series updated by the same authors.;"
